{
  "experiment1": {
    "Baseline (MSE)": {
      "d_prod": 0.00021846824190180516,
      "relative_error": 0.505027796539975,
      "correlation": 0.9898666065060548,
      "true_ip_mean": -0.008432550642185316,
      "true_ip_std": 0.09860148934577924,
      "est_ip_mean": -0.008142933249473572,
      "est_ip_std": 0.0928753912448883
    },
    "IP-Optimized": {
      "d_prod": 0.00020450090441002784,
      "relative_error": 5.291444569113767,
      "correlation": 0.9897267856452061,
      "true_ip_mean": 0.0018102592182765878,
      "true_ip_std": 0.0942368251576379,
      "est_ip_mean": 0.0017853265162557364,
      "est_ip_std": 0.08847565948963165
    }
  },
  "experiment2": {
    "dense": {
      "metrics": {
        "d_prod": 0.00020353573431714861,
        "relative_error": 0.5080613663823861,
        "correlation": 0.992049116188529,
        "true_ip_mean": -0.007120366358503248,
        "true_ip_std": 0.10243637225450651,
        "est_ip_mean": -0.0061327992007136345,
        "est_ip_std": 0.0955917239189148
      },
      "variance_profile": {
        "variance_ratio": 2.072218656539917,
        "cv": 0.13521340489387512,
        "max_var": 0.003799408907070756,
        "min_var": 0.0018334978958591819
      }
    },
    "hadamard": {
      "metrics": {
        "d_prod": 0.00019121145668585897,
        "relative_error": 11.386781455974143,
        "correlation": 0.9921182636176614,
        "true_ip_mean": -0.0016079810893619628,
        "true_ip_std": 0.10378572244723931,
        "est_ip_mean": -0.0011085708392784,
        "est_ip_std": 0.09829488396644592
      },
      "variance_profile": {
        "variance_ratio": 2.6529040336608887,
        "cv": 0.30359533429145813,
        "max_var": 0.0038966413121670485,
        "min_var": 0.0014688209630548954
      }
    }
  },
  "variance_profiles": {
    "dense": {
      "variance_ratio": 2.072218656539917,
      "cv": 0.13521340489387512,
      "max_var": 0.003799408907070756,
      "min_var": 0.0018334978958591819
    },
    "hadamard": {
      "variance_ratio": 2.6529040336608887,
      "cv": 0.30359533429145813,
      "max_var": 0.0038966413121670485,
      "min_var": 0.0014688209630548954
    }
  },
  "data_stats": {
    "shape": [
      5000,
      384
    ],
    "variance_ratio": 4.380430603364501,
    "cv": 0.4835960281610767
  }
}