{
  "data_source": "real_embeddings_anisotropic.npy",
  "dense": {
    "correlation": 0.9953910112380981,
    "d_prod": 9.872798545984551e-05,
    "orth_error": 9.5367431640625e-07
  },
  "dimension": 384,
  "hadamard": {
    "correlation": 0.9956069588661194,
    "d_prod": 9.232779848389328e-05,
    "orth_error": 2.5033950805664062e-06
  },
  "improvement_pct": 6.482647190806209,
  "outlier_aware": {
    "correlation": 0.9980108737945557,
    "d_prod": 3.97201074520126e-05,
    "n_outliers": 30,
    "n_regular": 354,
    "outlier_ratio": 0.08,
    "relative_rmse": 0.06306074006888547
  },
  "variance_ratio": 19.18817105661955
}