{
  "centroids": [
    -0.1883971850253848,
    -0.1181397660217046,
    -0.06658560732686725,
    -0.02160431037737981,
    0.02160431037737981,
    0.06658560732686725,
    0.1181397660217046,
    0.1883971850253848
  ],
  "boundaries": [
    -1.0,
    -0.1532684755235447,
    -0.09236268667428593,
    -0.04409495885212353,
    0.0,
    0.04409495885212353,
    0.09236268667428593,
    0.1532684755235447,
    1.0
  ],
  "mse_per_coord": 0.0002988842115239152,
  "mse_total": 0.03825717907506115,
  "d": 128,
  "bits": 3,
  "ip_optimized": true
}