{
  "centroids": [
    -0.13852214443477187,
    -0.041648443361919904,
    0.041648443361919835,
    0.13852214443477176
  ],
  "boundaries": [
    -1.0,
    -0.09008529389834588,
    -3.469446951953614e-17,
    0.0900852938983458,
    1.0
  ],
  "mse_per_coord": 0.0009819901371033997,
  "mse_total": 0.11587483617820116,
  "d": 118,
  "bits": 2,
  "ip_optimized": false
}