{
  "centroids": [
    -0.1330415201896431,
    -0.03999159516812794,
    0.03999159516812794,
    0.1330415201896431
  ],
  "boundaries": [
    -1.0,
    -0.08651655767888553,
    0.0,
    0.08651655767888553,
    1.0
  ],
  "mse_per_coord": 0.0009955911728561728,
  "mse_total": 0.12743567012559012,
  "d": 128,
  "bits": 2,
  "ip_optimized": true
}