{
  "centroids": [
    -0.1094659346147284,
    -0.06845642226851131,
    -0.038534211112815624,
    -0.012496037000874377,
    0.012496037000874377,
    0.038534211112815624,
    0.06845642226851131,
    0.1094659346147284
  ],
  "boundaries": [
    -1.0,
    -0.08896117844161985,
    -0.05349531669066347,
    -0.025515124056845,
    0.0,
    0.025515124056845,
    0.05349531669066347,
    0.08896117844161985,
    1.0
  ],
  "mse_per_coord": 0.00010101872187770738,
  "mse_total": 0.03879118920103963,
  "d": 384,
  "bits": 3,
  "ip_optimized": true
}