{
  "centroids": [
    -0.21257312023877944,
    -0.13344959752279295,
    -0.07525329727719485,
    -0.02442191717748443,
    0.02442191717748443,
    0.07525329727719485,
    0.13344959752279295,
    0.21257312023877944
  ],
  "boundaries": [
    -1.0,
    -0.1730113588807862,
    -0.1043514473999939,
    -0.04983760722733964,
    0.0,
    0.04983760722733964,
    0.1043514473999939,
    0.1730113588807862,
    1.0
  ],
  "mse_per_coord": 0.0003380421849689299,
  "mse_total": 0.03380421849689299,
  "d": 100,
  "bits": 3,
  "ip_optimized": false
}