{
  "centroids": [
    -0.10945905137403766,
    -0.06844940560383625,
    -0.038529054066842844,
    -0.012494146289688302,
    0.012494146289688302,
    0.038529054066842844,
    0.06844940560383625,
    0.10945905137403766
  ],
  "boundaries": [
    -1.0,
    -0.08895422848893696,
    -0.05348922983533955,
    -0.02551160017826557,
    0.0,
    0.02551160017826557,
    0.05348922983533955,
    0.08895422848893696,
    1.0
  ],
  "mse_per_coord": 8.946112213929724e-05,
  "mse_total": 0.03435307090149014,
  "d": 384,
  "bits": 3,
  "ip_optimized": false
}